{"loss": 0.6429750919342041, "_timestamp": 1673608757.712629, "_runtime": 21.35858702659607, "_step": 22, "_wandb": {"runtime": 20}}