{"loss": 2.1613729000091553, "_timestamp": 1673611365.282169, "_runtime": 19.161525011062622, "_step": 5, "_wandb": {"runtime": 18}}