{"loss": 0.298162579536438, "_timestamp": 1673611849.916626, "_runtime": 53.976945877075195, "_step": 94, "_wandb": {"runtime": 53}}